"","calib_U","calib_E1","calib_E2","calib_E3","PROB_13weeks_empl","PROB_at12mth_empl","PROB_in12mth_empl","diff_13weeks_empl","diff_at12mth_empl","diff_in12mth_empl"
"1",0.947205751203001,0.91057491232641,0.762444715481251,0.758074916200712,0.276625303054553,0.23397546565013,0.280162690677362,0.0566253030545526,-0.00152453434986957,-0.0895373093226375
"2",0.955499231815338,0.153515012934804,0.496813751291484,0.74295149743557,0.250955918039783,0.231318941557581,0.25461883198418,0.030955918039783,-0.00418105844241856,-0.11508116801582
"3",0.953107961220667,0.143501925980672,0.666596594033763,0.943008679896593,0.258426167181706,0.23287037319385,0.262052550726345,0.0384261671817062,-0.00262962680614989,-0.107647449273655
"4",0.950680373003706,0.547335544833913,0.704470470314845,0.781726379878819,0.265952574592186,0.23261563146552,0.269542153116508,0.0459525745921861,-0.00288436853447957,-0.100157846883492
"5",0.951236488530412,0.670075477100909,0.474223336204886,0.470192908542231,0.264233496299206,0.236342620370264,0.267831481319224,0.0442334962992062,0.000842620370263558,-0.101868518680776
"6",0.949814473511651,0.887307069730014,0.603868731530383,0.330946075730026,0.268623265798172,0.233451455210693,0.272199784327368,0.0486232657981719,-0.00204854478930683,-0.0975002156726324
"7",0.956594703253359,0.0417188594583422,0.321768623776734,0.628270608605817,0.247514916351353,0.235003621634956,0.251194657200027,0.0275149163513526,-0.000496378365043876,-0.118505342799973
"8",0.948395289015025,0.789680954068899,0.695979592623189,0.644725764868781,0.272984683896605,0.235274622161191,0.276539874576673,0.052984683896605,-0.000225377838808632,-0.0931601254233271
