"","Pop","MSK","MH","MSK + MH"
"1",0.213581616940188,0.396219850808592,0.482926838011382,0.648041736053622
