"","population","oow","iw"
"1","MSK",0.405738397003588,0.460800224170389
"2","MH",0.448457162049261,0.500313174684611
"3","MH+MSK",0.269059960954061,0.334378772749398
