"","population","oow","iw"
"1","MSK",0.405738397003588,0.429455769369502
"2","MH",0.448457162049261,0.472174534415175
"3","MH+MSK",0.269059960954061,0.292777333319974
