"","population","oow","iw"
"1","MSK",0.208528486100256,0.232245858466169
"2","MH",0.301905732775412,0.325623105141326
"3","MH+MSK",0.0387588935571496,0.062476265923063
