"","population","oow","iw"
"1","MSK",0.208528486100256,0.278389860900141
"2","MH",0.301905732775412,0.364759645304841
"3","MH+MSK",0.0387588935571496,0.121360567056945
