"","disability1","disability2","children_couple","children_lone_p","children_none","health_condition"
"1",0.489825607786294,0.947109800503168,0.130100431193605,0.0778321268275175,0.792067441978877,"MSK"
"2",0.52683557422184,0.934436362101133,0.124793480638204,0.131459339813566,0.743747179548229,"MH"
"3",0.620864212887734,0.976558788608602,0.104060934348126,0.0919080016558883,0.804031063995986,"MSK + MH"
